<?xml version="1.0" encoding="utf-8" standalone="yes"?>
<rss version="2.0" xmlns:atom="http://www.w3.org/2005/Atom">
  <channel>
    <title>AIOBench Essentials on Learn</title>
    <link>https://learn.space-cloud.io/space-cloud/</link>
    <description>Recent content in AIOBench Essentials on Learn</description>
    <generator>Hugo -- gohugo.io</generator>
    <language>en-us</language>
    <lastBuildDate>Tue, 21 Jan 2020 00:00:00 +0530</lastBuildDate>
    
	<atom:link href="https://learn.space-cloud.io/space-cloud/index.xml" rel="self" type="application/rss+xml" />
    
    
  </channel>
</rss>