<?xml version="1.0" encoding="utf-8" standalone="yes"?>
<rss version="2.0" xmlns:atom="http://www.w3.org/2005/Atom">
  <channel>
    <title>AIObench Basics on Learn</title>
    <link>https://learn.space-cloud.io/space-cloud/basics/</link>
    <description>Recent content in AIObench Basics on Learn</description>
    <generator>Hugo -- gohugo.io</generator>
    <language>en-us</language>
    <lastBuildDate>Tue, 21 Jan 2020 00:00:00 +0530</lastBuildDate>
    
	<atom:link href="https://learn.space-cloud.io/space-cloud/basics/index.xml" rel="self" type="application/rss+xml" />
    
    
    <item>
      <title>Introduction</title>
      <link>https://learn.space-cloud.io/space-cloud/basics/introduction/</link>
      <pubDate>Tue, 21 Jan 2020 00:00:00 +0530</pubDate>
      
      <guid>https://learn.space-cloud.io/space-cloud/basics/introduction/</guid>
      <description>Welcome to AIOBench&amp;rsquo;s Learn platform! Here you&amp;rsquo;ll find step-by-step examples of how to perform common Real World Application/ workload Performance Analysis tasks without requiring a PhD in Cloud DevOps using AIOBench&amp;rsquo;s Low Code platform.
This &amp;ldquo;AIOBench Basics&amp;rdquo; section of Learn will help you understand how you can easily Analyze real world 3 tier Application performance by generating complex real world Applications using components like NGINX, MySQL, Wordpress and generating real world load conditions using Locust .</description>
    </item>
    
    <item>
      <title>Set Up Space Cloud</title>
      <link>https://learn.space-cloud.io/space-cloud/basics/setup/</link>
      <pubDate>Tue, 21 Jan 2020 00:00:00 +0530</pubDate>
      
      <guid>https://learn.space-cloud.io/space-cloud/basics/setup/</guid>
      <description>The first step to start using Space Cloud is setting it up. Space Cloud requires several components to be running for proper functions. The most important components are:
 Gateway: Responsible for ingress traffic and generation of REST / GraphQL APIs. Runner: Responsible for communicating with K8s and deploying your services.  Luckily, we don&amp;rsquo;t have to interact with these components directly. Space Cloud ships with a utility named space-cli which bootstraps a cluster for us.</description>
    </item>
    
    <item>
      <title>Adding a Database</title>
      <link>https://learn.space-cloud.io/space-cloud/basics/adding-a-database/</link>
      <pubDate>Tue, 21 Jan 2020 00:00:00 +0530</pubDate>
      
      <guid>https://learn.space-cloud.io/space-cloud/basics/adding-a-database/</guid>
      <description>Let&amp;rsquo;s explore some awesome powers of Space Cloud. In this guide, we will:
 Add a local Postgres instance to our project Create tables Make trainers and catch Pokemons 😍 (Insert operation) Retrieve all trainers along with their Pokemons 😎 (Join operation)   You can use any other database Space Cloud supports for this guide. We are using Postgres since its simply awesome.
 Adding Postgres to our project Start a local Postgres instance The first step would be starting a local Postgres instance.</description>
    </item>
    
    <item>
      <title>Deploying a Service</title>
      <link>https://learn.space-cloud.io/space-cloud/basics/deploy-a-service/</link>
      <pubDate>Tue, 21 Jan 2020 00:00:00 +0530</pubDate>
      
      <guid>https://learn.space-cloud.io/space-cloud/basics/deploy-a-service/</guid>
      <description>Not everything can be achieved by CRUD operations. Sometimes we need to write some backend code to get some work done.
In this guide, we will:
 Deploy a dockerized app on Space Cloud. Expose the APIs of the REST service to the outside world by setting up Space Cloud Routes.   Note: Make sure you have followed the Setup Space Cloud guide in the Space Cloud Basics track. We&amp;rsquo;ll be building up from there.</description>
    </item>
    
    <item>
      <title>Rest to GraphQL in minutes</title>
      <link>https://learn.space-cloud.io/space-cloud/basics/rest-to-graphql/</link>
      <pubDate>Tue, 21 Jan 2020 00:00:00 +0530</pubDate>
      
      <guid>https://learn.space-cloud.io/space-cloud/basics/rest-to-graphql/</guid>
      <description>GraphQL is awesome! The prospect of a unified GraphQL layer for all your microservices and database really excites us. In this guide, we&amp;rsquo;ll do precisely that.
In this guide we will:
 Add a GraphQL Layer on top of our existing rest service Enjoy the GraphQL awesomeness😋   Note: Make sure you have followed the Setup Space Cloud and Deploying a Service guides in the Space Cloud Basics track. We&amp;rsquo;ll be building up from there.</description>
    </item>
    
    <item>
      <title>A Unified GraphQL API</title>
      <link>https://learn.space-cloud.io/space-cloud/basics/unified-graphql-api/</link>
      <pubDate>Tue, 21 Jan 2020 00:00:00 +0530</pubDate>
      
      <guid>https://learn.space-cloud.io/space-cloud/basics/unified-graphql-api/</guid>
      <description>I&amp;rsquo;m sure you&amp;rsquo;re already in love with the GraphQL API Space Cloud provides!
Space Cloud lets you build instant GraphQL APIs on any database. It also helps you bring your REST workloads to GraphQL. All this without having to write a single GraphQL resolver or even know how GraphQL works.
In this guide, I&amp;rsquo;m about to take this GraphQL awesomeness to a whole new level!
In this guide, we will:</description>
    </item>
    
    <item>
      <title>test</title>
      <link>https://learn.space-cloud.io/space-cloud/basics/test/</link>
      <pubDate>Tue, 21 Jan 2020 00:00:00 +0530</pubDate>
      
      <guid>https://learn.space-cloud.io/space-cloud/basics/test/</guid>
      <description>test
test Now that we have got that out of the way let&amp;rsquo;s see what we&amp;rsquo;ll be covering in this track.
What we&amp;rsquo;ll be covering </description>
    </item>
    
  </channel>
</rss>