<?xml version="1.0" encoding="utf-8" standalone="yes"?>
<rss version="2.0" xmlns:atom="http://www.w3.org/2005/Atom">
  <channel>
    <title>Learn</title>
    <link>https://learn.space-cloud.io/</link>
    <description>Recent content on Learn</description>
    <generator>Hugo -- gohugo.io</generator>
    <language>en-us</language>
    <lastBuildDate>Tue, 21 Jan 2020 00:00:00 +0530</lastBuildDate>
    
	<atom:link href="https://learn.space-cloud.io/index.xml" rel="self" type="application/rss+xml" />
    
    
    <item>
      <title>Introduction</title>
      <link>https://learn.space-cloud.io/space-cloud/basics/introduction/</link>
      <pubDate>Tue, 21 Jan 2020 00:00:00 +0530</pubDate>
      
      <guid>https://learn.space-cloud.io/space-cloud/basics/introduction/</guid>
      <description>Welcome to AIOBench&amp;rsquo;s Learn platform! Here you&amp;rsquo;ll find step-by-step examples of how to perform common Real World Application/ workload Performance Analysis tasks without requiring a PhD in Cloud DevOps using AIOBench&amp;rsquo;s Low Code platform.
This &amp;ldquo;AIOBench Basics&amp;rdquo; section of Learn will help you understand how you can easily Analyze real world 3 tier Application performance by generating complex real world Applications using components like NGINX, MySQL, Wordpress and generating real world load conditions using Locust .</description>
    </item>
    
    <item>
      <title>Basic Concepts</title>
      <link>https://learn.space-cloud.io/frontend-course/react-basics/basic-concepts/</link>
      <pubDate>Sat, 03 Aug 2019 00:00:00 +0530</pubDate>
      
      <guid>https://learn.space-cloud.io/frontend-course/react-basics/basic-concepts/</guid>
      <description>Space Cloud is an open source web server which provides a realtime data access layer and a full fledged functions mesh for your microservices.
Realtime Data Access Layer The data access layer or the database module lets you query your database from your frontend or from your backend microservices. It&amp;rsquo;s very similar to Google Firebase. It exposes a realtime API as well! All mutations on the database get synced between all the concerned clients immediately.</description>
    </item>
    
    <item>
      <title>Set Up Space Cloud</title>
      <link>https://learn.space-cloud.io/space-cloud/basics/setup/</link>
      <pubDate>Tue, 21 Jan 2020 00:00:00 +0530</pubDate>
      
      <guid>https://learn.space-cloud.io/space-cloud/basics/setup/</guid>
      <description>The first step to start using Space Cloud is setting it up. Space Cloud requires several components to be running for proper functions. The most important components are:
 Gateway: Responsible for ingress traffic and generation of REST / GraphQL APIs. Runner: Responsible for communicating with K8s and deploying your services.  Luckily, we don&amp;rsquo;t have to interact with these components directly. Space Cloud ships with a utility named space-cli which bootstraps a cluster for us.</description>
    </item>
    
    <item>
      <title>Install Space Cloud</title>
      <link>https://learn.space-cloud.io/frontend-course/react-basics/install-space-cloud/</link>
      <pubDate>Sat, 03 Aug 2019 00:00:00 +0530</pubDate>
      
      <guid>https://learn.space-cloud.io/frontend-course/react-basics/install-space-cloud/</guid>
      <description>In the previous topic, we spoke about what Space Cloud is and where it fits in our stack. In this topic, we&amp;rsquo;ll talk about getting Space Cloud up and running.
There are three primary ways you can deploy Space Cloud. The recommended one is directly in an orchestration system like Kubernetes. This makes scaling your deployment a whole lot easier and makes your system more available. Moreover, Space Cloud integrates with Kubernetes.</description>
    </item>
    
    <item>
      <title>Adding a Database</title>
      <link>https://learn.space-cloud.io/space-cloud/basics/adding-a-database/</link>
      <pubDate>Tue, 21 Jan 2020 00:00:00 +0530</pubDate>
      
      <guid>https://learn.space-cloud.io/space-cloud/basics/adding-a-database/</guid>
      <description>Let&amp;rsquo;s explore some awesome powers of Space Cloud. In this guide, we will:
 Add a local Postgres instance to our project Create tables Make trainers and catch Pokemons 😍 (Insert operation) Retrieve all trainers along with their Pokemons 😎 (Join operation)   You can use any other database Space Cloud supports for this guide. We are using Postgres since its simply awesome.
 Adding Postgres to our project Start a local Postgres instance The first step would be starting a local Postgres instance.</description>
    </item>
    
    <item>
      <title>Configure Space Cloud</title>
      <link>https://learn.space-cloud.io/frontend-course/react-basics/configure-space-cloud/</link>
      <pubDate>Sat, 03 Aug 2019 00:00:00 +0530</pubDate>
      
      <guid>https://learn.space-cloud.io/frontend-course/react-basics/configure-space-cloud/</guid>
      <description>Now that we have Space Cloud up and running, we need to configure it for our project. By default, Space Cloud does absolutely nothing. We need to create a project and select a database for it to become operational.
Create a Space Cloud Project Open mission control. Click on create a project. Give it a name todo_app and select Mongo DB as the default database. You cannot change the project id once a project is created.</description>
    </item>
    
    <item>
      <title>Deploying a Service</title>
      <link>https://learn.space-cloud.io/space-cloud/basics/deploy-a-service/</link>
      <pubDate>Tue, 21 Jan 2020 00:00:00 +0530</pubDate>
      
      <guid>https://learn.space-cloud.io/space-cloud/basics/deploy-a-service/</guid>
      <description>Not everything can be achieved by CRUD operations. Sometimes we need to write some backend code to get some work done.
In this guide, we will:
 Deploy a dockerized app on Space Cloud. Expose the APIs of the REST service to the outside world by setting up Space Cloud Routes.   Note: Make sure you have followed the Setup Space Cloud guide in the Space Cloud Basics track. We&amp;rsquo;ll be building up from there.</description>
    </item>
    
    <item>
      <title>Setup the Frontend</title>
      <link>https://learn.space-cloud.io/frontend-course/react-basics/setup-frontend/</link>
      <pubDate>Sat, 03 Aug 2019 00:00:00 +0530</pubDate>
      
      <guid>https://learn.space-cloud.io/frontend-course/react-basics/setup-frontend/</guid>
      <description>Up till now we have set up our backend which is nothing but Space Cloud connected with MongoDB. It&amp;rsquo;s been a lot of theory, exploration and configuration.
Now it&amp;rsquo;s our turn to get to the fun part, and that is code. I&amp;rsquo;ll be talking about how to initialise and make the space-api client globally available in the project
Setup the Boilerplate Since react is beyond the scope of this tutorial, we&amp;rsquo;ll be cloning a repo I&amp;rsquo;ve already made which serves as boilerplate.</description>
    </item>
    
    <item>
      <title>Rest to GraphQL in minutes</title>
      <link>https://learn.space-cloud.io/space-cloud/basics/rest-to-graphql/</link>
      <pubDate>Tue, 21 Jan 2020 00:00:00 +0530</pubDate>
      
      <guid>https://learn.space-cloud.io/space-cloud/basics/rest-to-graphql/</guid>
      <description>GraphQL is awesome! The prospect of a unified GraphQL layer for all your microservices and database really excites us. In this guide, we&amp;rsquo;ll do precisely that.
In this guide we will:
 Add a GraphQL Layer on top of our existing rest service Enjoy the GraphQL awesomeness😋   Note: Make sure you have followed the Setup Space Cloud and Deploying a Service guides in the Space Cloud Basics track. We&amp;rsquo;ll be building up from there.</description>
    </item>
    
    <item>
      <title>User Management</title>
      <link>https://learn.space-cloud.io/frontend-course/react-basics/user-management/</link>
      <pubDate>Sat, 03 Aug 2019 00:00:00 +0530</pubDate>
      
      <guid>https://learn.space-cloud.io/frontend-course/react-basics/user-management/</guid>
      <description>Till now we have our api initialised and a client object created. Now we&amp;rsquo;ll be binding the frontend with the user management module.
Login Operation So the first step is making a login function in the service class. Let&amp;rsquo;s head over to the service.js file. Create an async login function which takes username and password as a parameter.
Now inside the body, we&amp;rsquo;ll simply call the signIn method on the db object.</description>
    </item>
    
    <item>
      <title>A Unified GraphQL API</title>
      <link>https://learn.space-cloud.io/space-cloud/basics/unified-graphql-api/</link>
      <pubDate>Tue, 21 Jan 2020 00:00:00 +0530</pubDate>
      
      <guid>https://learn.space-cloud.io/space-cloud/basics/unified-graphql-api/</guid>
      <description>I&amp;rsquo;m sure you&amp;rsquo;re already in love with the GraphQL API Space Cloud provides!
Space Cloud lets you build instant GraphQL APIs on any database. It also helps you bring your REST workloads to GraphQL. All this without having to write a single GraphQL resolver or even know how GraphQL works.
In this guide, I&amp;rsquo;m about to take this GraphQL awesomeness to a whole new level!
In this guide, we will:</description>
    </item>
    
    <item>
      <title>Working With Todos</title>
      <link>https://learn.space-cloud.io/frontend-course/react-basics/working-with-todos/</link>
      <pubDate>Sat, 03 Aug 2019 00:00:00 +0530</pubDate>
      
      <guid>https://learn.space-cloud.io/frontend-course/react-basics/working-with-todos/</guid>
      <description>Till now we have got the sign in and sign up page working.
In this topic we are going to dive into the most fun part, which is binding the todos with the database. For that we&amp;rsquo;ll need to create a function to add, get, update and delete a todo.
We&amp;rsquo;ll store all our todos in the todos collection. Our single todo object will look something like this:
{ &amp;#34;_id&amp;#34;: &amp;#34;some-unique-id&amp;#34;, &amp;#34;value&amp;#34;: &amp;#34;text of the todo&amp;#34;, &amp;#34;isCompleted&amp;#34;: false, &amp;#34;userId&amp;#34;: &amp;#34;users-id&amp;#34; } Let&amp;rsquo;s go back to our service.</description>
    </item>
    
    <item>
      <title>test</title>
      <link>https://learn.space-cloud.io/space-cloud/basics/test/</link>
      <pubDate>Tue, 21 Jan 2020 00:00:00 +0530</pubDate>
      
      <guid>https://learn.space-cloud.io/space-cloud/basics/test/</guid>
      <description>test
test Now that we have got that out of the way let&amp;rsquo;s see what we&amp;rsquo;ll be covering in this track.
What we&amp;rsquo;ll be covering </description>
    </item>
    
    <item>
      <title>Going Realtime</title>
      <link>https://learn.space-cloud.io/frontend-course/react-basics/going-realtime/</link>
      <pubDate>Sat, 03 Aug 2019 00:00:00 +0530</pubDate>
      
      <guid>https://learn.space-cloud.io/frontend-course/react-basics/going-realtime/</guid>
      <description>So we&amp;rsquo;ve got our entire app working.
Congratulations for making it this far.
Now it&amp;rsquo;s time to do some super cool things. And by that I mean, it&amp;rsquo;s time to go realtime!
Configure Space Cloud Space Cloud has built-in realtime module, which is enabled by default. There are no configurations required at all.
Update Service There are some modifications which are required on the client side. The first one is how we fetch the todos.</description>
    </item>
    
    <item>
      <title>Securing our app</title>
      <link>https://learn.space-cloud.io/frontend-course/react-basics/securing-the-app/</link>
      <pubDate>Sat, 03 Aug 2019 00:00:00 +0530</pubDate>
      
      <guid>https://learn.space-cloud.io/frontend-course/react-basics/securing-the-app/</guid>
      <description>Well, we have got our app up and ready. But that doesn&amp;rsquo;t mean we can deploy it straight away. There is a very imortant piece still missing. That&amp;rsquo;s security.
Security in Space Cloud You must have heard that security should never be an after thought. But in the entire process of making our app, we haven&amp;rsquo;t really spoken much about security.
That is because we believe, security must never be coupled with business logic.</description>
    </item>
    
  </channel>
</rss>