<?xml version="1.0" encoding="utf-8" standalone="yes"?>
<rss version="2.0" xmlns:atom="http://www.w3.org/2005/Atom">
  <channel>
    <title>Frontend Courses on Learn</title>
    <link>https://learn.space-cloud.io/frontend-course/</link>
    <description>Recent content in Frontend Courses on Learn</description>
    <generator>Hugo -- gohugo.io</generator>
    <language>en-us</language>
    <lastBuildDate>Sat, 03 Aug 2019 00:00:00 +0530</lastBuildDate>
    
	<atom:link href="https://learn.space-cloud.io/frontend-course/index.xml" rel="self" type="application/rss+xml" />
    
    
  </channel>
</rss>